{
  "train_loss": [
    3.411220979690552,
    3.1869289606809614,
    2.633727550506592,
    2.597640037536621,
    2.5759390733575307,
    2.414266219505897,
    2.4085420044985684,
    2.3943829423976393
  ],
  "val_loss": [
    2.9379114554478574,
    2.678237713300265,
    2.558485618004432,
    2.4891320375295787,
    2.4348411009861874,
    2.3997950553894043,
    2.377773193212656,
    2.369530512736394
  ],
  "val_ppl": [
    18.876380951418316,
    14.559412814782428,
    12.916242372414203,
    12.05081192734717,
    11.414004895142304,
    11.020917471534274,
    10.780869201989278,
    10.692371173445846
  ],
  "steps": [
    40,
    80,
    120,
    160,
    200,
    240,
    280,
    320
  ],
  "tokens": [
    50231,
    98838,
    147413,
    197638,
    247755,
    296226,
    345838,
    395306
  ],
  "init_val_loss": 3.447885091488178,
  "init_val_ppl": 31.433842259367,
  "best_val_loss": 2.369530512736394,
  "total_min": 139.51509912808737,
  "trainable_params": 11796480
}