{
  "train_loss": [
    3.4323440909385683,
    3.2124098390340805,
    2.6023985605973463,
    2.6194529623355507,
    2.588035468132265,
    2.431021112662095,
    2.4128123052192456,
    2.4037417398308807
  ],
  "val_loss": [
    2.9616743601285496,
    2.69992865048922,
    2.576071409078745,
    2.49379301071167,
    2.449505714269785,
    2.4153950764582706,
    2.3909243436960073,
    2.3795837439023533
  ],
  "val_ppl": [
    19.330310575832623,
    14.878670101167346,
    13.145393710435716,
    12.107111542136126,
    11.582620180193146,
    11.194192045789379,
    10.923586426112596,
    10.800406193177905
  ],
  "steps": [
    40,
    80,
    120,
    160,
    200,
    240,
    280,
    320
  ],
  "tokens": [
    50332,
    99845,
    148469,
    198476,
    247291,
    296090,
    345932,
    395328
  ],
  "init_val_loss": 3.485945829978356,
  "init_val_ppl": 32.65329697590769,
  "best_val_loss": 2.3795837439023533,
  "total_min": 253.464459725221,
  "trainable_params": 11796480
}